{
    "$schema": "https://schema.management.azure.com/schemas/2015-01-01/deploymentParameters.json#",
    "contentVersion": "1.0.0.0",
    "parameters": {
        "databaseAccounts_cloudxcosmosdb_createMode": {
            "value": null
        },
        "vulnerabilityAssessments_Default_storageContainerPath": {
            "value": null
        },
        "connections_office365_name": {
            "value": null
        },
        "sites_cloudxpublicapi_name": {
            "value": null
        },
        "sites_cloudxwestwebapp_name": {
            "value": null
        },
        "servers_cloudxsqlserver_name": {
            "value": null
        },
        "sites_cloudxnorthwebapp_name": {
            "value": null
        },
        "workflows_cloudxlogicapp_name": {
            "value": null
        },
        "serverfarms_cloudxwestplan_name": {
            "value": null
        },
        "serverfarms_cloudxnorthplan_name": {
            "value": null
        },
        "serverfarms_ASP_cloudxrg_8ae1_name": {
            "value": null
        },
        "serverfarms_ASP_cloudxrg_acb1_name": {
            "value": null
        },
        "serverfarms_cloudxpublicapiplan_name": {
            "value": null
        },
        "sites_orderitemsreserverfuncapp_name": {
            "value": null
        },
        "components_cloudxappinsights_name": {
            "value": null
        },
        "namespaces_cloudxservicebus_name": {
            "value": null
        },
        "sites_deliveryorderprocessorfuncapp_name": {
            "value": null
        },
        "databaseAccounts_cloudxcosmosdb_name": {
            "value": null
        },
        "storageAccounts_cloudxandreistorage_name": {
            "value": null
        },
        "registries_cloudxcontainers_name": {
            "value": null
        },
        "autoscalesettings_cloudxwestplan_autoscale_name": {
            "value": null
        },
        "trafficManagerProfiles_cloudxtrafficmanager_name": {
            "value": null
        },
        "autoscalesettings_cloudxnorthplan_autoscale_name": {
            "value": null
        },
        "smartdetectoralertrules_failure_anomalies___cloudxappinsights_name": {
            "value": null
        },
        "actiongroups_application_insights_smart_detection_externalid": {
            "value": null
        }
    }
}